filename,min_timestamp,max_timestamp,min_utc_date,max_utc_date
revisions/140.json,1351187402,1351188301,2012-10-25 17:50 GMT,2012-10-25 18:05 GMT
revisions/141.json,1351290003,1351291202,2012-10-26 22:20 GMT,2012-10-26 22:40 GMT
revisions/142.json,1351292403,1351292702,2012-10-26 23:00 GMT,2012-10-26 23:05 GMT
revisions/143.json,1351712702,1351713302,2012-10-31 19:45 GMT,2012-10-31 19:55 GMT
revisions/144.json,1351894502,1351894502,2012-11-02 22:15 GMT,2012-11-02 22:15 GMT
revisions/145.json,1353349202,1353349502,2012-11-19 18:20 GMT,2012-11-19 18:25 GMT
revisions/146.json,1354065601,1354066201,2012-11-28 01:20 GMT,2012-11-28 01:30 GMT
revisions/147.json,1354066802,1354066802,2012-11-28 01:40 GMT,2012-11-28 01:40 GMT
revisions/148.json,1354661401,1354671002,2012-12-04 22:50 GMT,2012-12-05 01:30 GMT
revisions/149.json,1354749002,1354749303,2012-12-05 23:10 GMT,2012-12-05 23:15 GMT
revisions/150.json,1354787701,1354787702,2012-12-06 09:55 GMT,2012-12-06 09:55 GMT
revisions/151.json,1354838701,1354838702,2012-12-07 00:05 GMT,2012-12-07 00:05 GMT
revisions/152.json,1354928701,1354928702,2012-12-08 01:05 GMT,2012-12-08 01:05 GMT
revisions/153.json,1355016301,1355016301,2012-12-09 01:25 GMT,2012-12-09 01:25 GMT
revisions/154.json,1355106002,1355106003,2012-12-10 02:20 GMT,2012-12-10 02:20 GMT
revisions/155.json,1355195701,1355195702,2012-12-11 03:15 GMT,2012-12-11 03:15 GMT
revisions/156.json,1355285102,1355285102,2012-12-12 04:05 GMT,2012-12-12 04:05 GMT
revisions/157.json,1355371801,1355371802,2012-12-13 04:10 GMT,2012-12-13 04:10 GMT
revisions/158.json,1355384102,1355384102,2012-12-13 07:35 GMT,2012-12-13 07:35 GMT
revisions/159.json,1355430002,1355431803,2012-12-13 20:20 GMT,2012-12-13 20:50 GMT
revisions/160.json,1355441702,1355442902,2012-12-13 23:35 GMT,2012-12-13 23:55 GMT
revisions/161.json,1355444102,1355444102,2012-12-14 00:15 GMT,2012-12-14 00:15 GMT
revisions/162.json,1355447402,1355450101,2012-12-14 01:10 GMT,2012-12-14 01:55 GMT
revisions/163.json,1355461502,1355461502,2012-12-14 05:05 GMT,2012-12-14 05:05 GMT
revisions/164.json,1355461502,1355461502,2012-12-14 05:05 GMT,2012-12-14 05:05 GMT
revisions/165.json,1355511601,1355511903,2012-12-14 19:00 GMT,2012-12-14 19:05 GMT
revisions/166.json,1355552102,1355552102,2012-12-15 06:15 GMT,2012-12-15 06:15 GMT
revisions/167.json,1355641501,1355641502,2012-12-16 07:05 GMT,2012-12-16 07:05 GMT
revisions/168.json,1355728201,1355728202,2012-12-17 07:10 GMT,2012-12-17 07:10 GMT
revisions/169.json,1355787902,1355787902,2012-12-17 23:45 GMT,2012-12-17 23:45 GMT
revisions/170.json,1355818201,1355818202,2012-12-18 08:10 GMT,2012-12-18 08:10 GMT
revisions/171.json,1355907901,1355907902,2012-12-19 09:05 GMT,2012-12-19 09:05 GMT
revisions/172.json,1355997601,1355997603,2012-12-20 10:00 GMT,2012-12-20 10:00 GMT
revisions/173.json,1356087301,1356087303,2012-12-21 10:55 GMT,2012-12-21 10:55 GMT
revisions/174.json,1356174902,1356174902,2012-12-22 11:15 GMT,2012-12-22 11:15 GMT
revisions/175.json,1356264002,1356264002,2012-12-23 12:00 GMT,2012-12-23 12:00 GMT
revisions/176.json,1356294902,1356294902,2012-12-23 20:35 GMT,2012-12-23 20:35 GMT
revisions/177.json,1356350702,1356350702,2012-12-24 12:05 GMT,2012-12-24 12:05 GMT
revisions/178.json,1356375902,1356375902,2012-12-24 19:05 GMT,2012-12-24 19:05 GMT
revisions/179.json,1356440702,1356440702,2012-12-25 13:05 GMT,2012-12-25 13:05 GMT
revisions/180.json,1356530701,1356530702,2012-12-26 14:05 GMT,2012-12-26 14:05 GMT
revisions/181.json,1356620402,1356620402,2012-12-27 15:00 GMT,2012-12-27 15:00 GMT
revisions/182.json,1356620402,1356620402,2012-12-27 15:00 GMT,2012-12-27 15:00 GMT
revisions/183.json,1356707102,1356707102,2012-12-28 15:05 GMT,2012-12-28 15:05 GMT
revisions/184.json,1356796502,1356796502,2012-12-29 15:55 GMT,2012-12-29 15:55 GMT
revisions/185.json,1356883802,1356883802,2012-12-30 16:10 GMT,2012-12-30 16:10 GMT
revisions/186.json,1356971701,1356971702,2012-12-31 16:35 GMT,2012-12-31 16:35 GMT
revisions/187.json,1357059902,1357059903,2013-01-01 17:05 GMT,2013-01-01 17:05 GMT
revisions/188.json,1357147201,1357147203,2013-01-02 17:20 GMT,2013-01-02 17:20 GMT
revisions/189.json,1357237201,1357237202,2013-01-03 18:20 GMT,2013-01-03 18:20 GMT
revisions/190.json,1357326902,1357326903,2013-01-04 19:15 GMT,2013-01-04 19:15 GMT
revisions/191.json,1357416002,1357416002,2013-01-05 20:00 GMT,2013-01-05 20:00 GMT
revisions/192.json,1357503902,1357503902,2013-01-06 20:25 GMT,2013-01-06 20:25 GMT
revisions/193.json,1357592701,1357592703,2013-01-07 21:05 GMT,2013-01-07 21:05 GMT
revisions/194.json,1357594502,1357595702,2013-01-07 21:35 GMT,2013-01-07 21:55 GMT
revisions/195.json,1357682701,1357682702,2013-01-08 22:05 GMT,2013-01-08 22:05 GMT
revisions/196.json,1357772701,1357772702,2013-01-09 23:05 GMT,2013-01-09 23:05 GMT
revisions/197.json,1357859402,1357859402,2013-01-10 23:10 GMT,2013-01-10 23:10 GMT
revisions/198.json,1357947902,1357947903,2013-01-11 23:45 GMT,2013-01-11 23:45 GMT
revisions/199.json,1358035201,1358035202,2013-01-13 00:00 GMT,2013-01-13 00:00 GMT
revisions/200.json,1358122501,1358122502,2013-01-14 00:15 GMT,2013-01-14 00:15 GMT
revisions/201.json,1358212502,1358212502,2013-01-15 01:15 GMT,2013-01-15 01:15 GMT
revisions/202.json,1358302801,1358302802,2013-01-16 02:20 GMT,2013-01-16 02:20 GMT
revisions/203.json,1358390101,1358390102,2013-01-17 02:35 GMT,2013-01-17 02:35 GMT
revisions/204.json,1358463602,1358463602,2013-01-17 23:00 GMT,2013-01-17 23:00 GMT
revisions/205.json,1358478002,1358478002,2013-01-18 03:00 GMT,2013-01-18 03:00 GMT
revisions/206.json,1358564702,1358564702,2013-01-19 03:05 GMT,2013-01-19 03:05 GMT
revisions/207.json,1358655002,1358655003,2013-01-20 04:10 GMT,2013-01-20 04:10 GMT
revisions/208.json,1358745001,1358745302,2013-01-21 05:10 GMT,2013-01-21 05:15 GMT
revisions/209.json,1358812501,1358812502,2013-01-21 23:55 GMT,2013-01-21 23:55 GMT
revisions/210.json,1358831702,1358831702,2013-01-22 05:15 GMT,2013-01-22 05:15 GMT
revisions/211.json,1358900402,1358901302,2013-01-23 00:20 GMT,2013-01-23 00:35 GMT
revisions/212.json,1358921102,1358921102,2013-01-23 06:05 GMT,2013-01-23 06:05 GMT
revisions/213.json,1359009302,1359009302,2013-01-24 06:35 GMT,2013-01-24 06:35 GMT
revisions/214.json,1359097202,1359097202,2013-01-25 07:00 GMT,2013-01-25 07:00 GMT
revisions/215.json,1359187202,1359187203,2013-01-26 08:00 GMT,2013-01-26 08:00 GMT
revisions/216.json,1359277801,1359277802,2013-01-27 09:10 GMT,2013-01-27 09:10 GMT
revisions/217.json,1359367202,1359367202,2013-01-28 10:00 GMT,2013-01-28 10:00 GMT
revisions/218.json,1359422401,1359422402,2013-01-29 01:20 GMT,2013-01-29 01:20 GMT
revisions/219.json,1359422701,1359422702,2013-01-29 01:25 GMT,2013-01-29 01:25 GMT
revisions/220.json,1359454501,1359454502,2013-01-29 10:15 GMT,2013-01-29 10:15 GMT
revisions/221.json,1359497102,1359497102,2013-01-29 22:05 GMT,2013-01-29 22:05 GMT
revisions/222.json,1359544801,1359544803,2013-01-30 11:20 GMT,2013-01-30 11:20 GMT
revisions/223.json,1359634501,1359634503,2013-01-31 12:15 GMT,2013-01-31 12:15 GMT
revisions/224.json,1359657302,1359657902,2013-01-31 18:35 GMT,2013-01-31 18:45 GMT
revisions/225.json,1359723602,1359723602,2013-02-01 13:00 GMT,2013-02-01 13:00 GMT
revisions/226.json,1359810601,1359810601,2013-02-02 13:10 GMT,2013-02-02 13:10 GMT
revisions/227.json,1359897001,1359897001,2013-02-03 13:10 GMT,2013-02-03 13:10 GMT
revisions/228.json,1359986701,1359986703,2013-02-04 14:05 GMT,2013-02-04 14:05 GMT
revisions/229.json,1360008902,1360008902,2013-02-04 20:15 GMT,2013-02-04 20:15 GMT
revisions/230.json,1360024803,1360024803,2013-02-05 00:40 GMT,2013-02-05 00:40 GMT
revisions/231.json,1360074001,1360074002,2013-02-05 14:20 GMT,2013-02-05 14:20 GMT
revisions/232.json,1360163102,1360163102,2013-02-06 15:05 GMT,2013-02-06 15:05 GMT
revisions/233.json,1360250401,1360250403,2013-02-07 15:20 GMT,2013-02-07 15:20 GMT
revisions/234.json,1360275001,1360275001,2013-02-07 22:10 GMT,2013-02-07 22:10 GMT
revisions/235.json,1360340101,1360340101,2013-02-08 16:15 GMT,2013-02-08 16:15 GMT
revisions/236.json,1360430102,1360430102,2013-02-09 17:15 GMT,2013-02-09 17:15 GMT
revisions/237.json,1360519202,1360519203,2013-02-10 18:00 GMT,2013-02-10 18:00 GMT
revisions/238.json,1360606502,1360606502,2013-02-11 18:15 GMT,2013-02-11 18:15 GMT
revisions/239.json,1360699201,1360699203,2013-02-12 20:00 GMT,2013-02-12 20:00 GMT
revisions/240.json,1360786501,1360786502,2013-02-13 20:15 GMT,2013-02-13 20:15 GMT
revisions/241.json,1360877101,1360877101,2013-02-14 21:25 GMT,2013-02-14 21:25 GMT
revisions/242.json,1360964701,1360964702,2013-02-15 21:45 GMT,2013-02-15 21:45 GMT
revisions/243.json,1360975202,1360976102,2013-02-16 00:40 GMT,2013-02-16 00:55 GMT
revisions/244.json,1361052001,1361052002,2013-02-16 22:00 GMT,2013-02-16 22:00 GMT
revisions/245.json,1361142602,1361142602,2013-02-17 23:10 GMT,2013-02-17 23:10 GMT
revisions/246.json,1361233202,1361233203,2013-02-19 00:20 GMT,2013-02-19 00:20 GMT
revisions/247.json,1361322002,1361322002,2013-02-20 01:00 GMT,2013-02-20 01:00 GMT
revisions/248.json,1361409001,1361409002,2013-02-21 01:10 GMT,2013-02-21 01:10 GMT
revisions/249.json,1361499002,1361499002,2013-02-22 02:10 GMT,2013-02-22 02:10 GMT
revisions/250.json,1361588402,1361588402,2013-02-23 03:00 GMT,2013-02-23 03:00 GMT
revisions/251.json,1361678702,1361678703,2013-02-24 04:05 GMT,2013-02-24 04:05 GMT
revisions/252.json,1361768402,1361768402,2013-02-25 05:00 GMT,2013-02-25 05:00 GMT
revisions/253.json,1361840701,1361842801,2013-02-26 01:05 GMT,2013-02-26 01:40 GMT
revisions/254.json,1361855702,1361855703,2013-02-26 05:15 GMT,2013-02-26 05:15 GMT
revisions/255.json,1361945703,1361945703,2013-02-27 06:15 GMT,2013-02-27 06:15 GMT
revisions/256.json,1361945702,1361945702,2013-02-27 06:15 GMT,2013-02-27 06:15 GMT
revisions/257.json,1361988602,1361988602,2013-02-27 18:10 GMT,2013-02-27 18:10 GMT
revisions/258.json,1361993102,1361993102,2013-02-27 19:25 GMT,2013-02-27 19:25 GMT
revisions/259.json,1361997903,1361998501,2013-02-27 20:45 GMT,2013-02-27 20:55 GMT
revisions/260.json,1362032101,1362032101,2013-02-28 06:15 GMT,2013-02-28 06:15 GMT
revisions/261.json,1362121801,1362121803,2013-03-01 07:10 GMT,2013-03-01 07:10 GMT
revisions/262.json,1362213002,1362213002,2013-03-02 08:30 GMT,2013-03-02 08:30 GMT
revisions/263.json,1362278402,1362278702,2013-03-03 02:40 GMT,2013-03-03 02:45 GMT
revisions/264.json,1362279002,1362279902,2013-03-03 02:50 GMT,2013-03-03 03:05 GMT
revisions/265.json,1362301802,1362301802,2013-03-03 09:10 GMT,2013-03-03 09:10 GMT
revisions/266.json,1362359102,1362359102,2013-03-04 01:05 GMT,2013-03-04 01:05 GMT
revisions/267.json,1362381002,1362381002,2013-03-04 07:10 GMT,2013-03-04 07:10 GMT
revisions/268.json,1362391802,1362391803,2013-03-04 10:10 GMT,2013-03-04 10:10 GMT
revisions/269.json,1362481502,1362481502,2013-03-05 11:05 GMT,2013-03-05 11:05 GMT
revisions/270.json,1362569401,1362569402,2013-03-06 11:30 GMT,2013-03-06 11:30 GMT
revisions/271.json,1362658801,1362658802,2013-03-07 12:20 GMT,2013-03-07 12:20 GMT
revisions/272.json,1362698402,1362699001,2013-03-07 23:20 GMT,2013-03-07 23:30 GMT
revisions/273.json,1362746101,1362746102,2013-03-08 12:35 GMT,2013-03-08 12:35 GMT
revisions/274.json,1362834302,1362834303,2013-03-09 13:05 GMT,2013-03-09 13:05 GMT
revisions/275.json,1362921002,1362921003,2013-03-10 13:10 GMT,2013-03-10 13:10 GMT
